investing.com,307
cnbc.com,371
financialpost.com,36125
bqprime.com,27486
fortune.com,3628
zeebiz.com,7110
businesstoday.in,6200
ibtimes.com.au,76600
seekingalpha.com,2000
business-standard.com,6800
techcrunch.com,5555
bworldonline.com,77800
engadget.com,6283
en.globes.co.il,1000000
bmmagazine.co.uk,910000
nytimes.com,80
theage.com.au,4425
smh.com.au,3000
abcmoney.co.uk,2400000
talkingbiznews.com,1050000
insightssuccess.com,1188000
ft.com,2200
theverge.com,2000
wired.com,3500
thehindubusinessline.com,17500
investors.com,8000
theguardian.com,120
thailand-business-news.com,2500000
businessmole.com,2200000
businessday.ng,75000
bbc.co.uk,83
,10000000
memeburn.com,299670
lpm.org,351946
newshounds.us,1789435
smarthouse.com.au,1942089
ask.slashdot.org,10000000
kuenselonline.com,569561
scotsman.com,7988
bandt.com.au,372240
thetowerlight.com,3526805
ipsnews.net,197391
calgaryherald.com,50634
edhat.com,253305
chadronradio.com,1580734
highlandradio.com,143126
rtl.lu,16315
mg.co.za,51419
uk.news.yahoo.com,10000000
pcworld.com,19795
cbsnews.com,1083
edmontonsun.com,183803
thecitizen.com,477513
buxtonadvertiser.co.uk,400815
doncasterfreepress.co.uk,85435
lancasterguardian.co.uk,225439
tmz.com,995
digitalmedianet.com,7586839
mirror.co.uk,501
three.fm,321435
mb.com.ph,25010
wtaw.com,1041408
toofab.com,12473
informationng.com,283954
wnd.com,24589
thestar.co.uk,14457
toronto.ctvnews.ca,10000000
hemeltoday.co.uk,608736
indepthnews.net,5221995
warwickshireworld.com,284442
donegaldaily.com,41712
edinburghnews.scotsman.com,10000000
demotix.com,679315
sg.news.yahoo.com,10000000
deccanchronicle.com,30998
magnoliatribune.com,1272917
nyunews.com,427654
jutarnji.hr,1518
naharnet.com,158269
iwacu-burundi.org,634310
wikihow.com,535
fightbacknews.org,2349353
thanhnien.vn,1492
federalnewsnetwork.com,84365
houmatimes.com,1037521
centraljersey.com,363732
prowrestling.net,151466
alabamanews.net,225342
eaglenews.org,2836491
latindispatch.com,5501772
mesquitelocalnews.com,3558184
ctvnews.ca,1660
goodtimes.sc,831909
shorelinebeacon.com,2764496
talonmarks.com,2670519
lfpress.com,78465
daily49er.com,1864659
voasomali.com,198965
ktvz.com,66532
norfolkandtillsonburgnews.com,2632883
wishtv.com,45055
howtogetbetterinlife.com,10000000
en.mercopress.com,10000000
tripod.domains.trincoll.edu,10000000
biggleswadetoday.co.uk,992906
thyblackman.com,1798798
brisbanetimes.com.au,27599
globalnews.ca,3725
metro.co.uk,2560
thestar.com.my,4207
wtop.com,16361
whittierdailynews.com,602315
thewrap.com,17172
ocregister.com,25366
dailynews.com,96345
dailymail.co.uk,122
devicemag.com,584863
chicago.suntimes.com,10000000
ca.sports.yahoo.com,10000000
saigon-gpdaily.com.vn,3100172
stuff.co.nz,1908
nationalpost.com,11282
orovillemr.com,2217282
yenisafak.com,3484
reviewjournal.com,26555
larrybrownsports.com,66388
barbadostoday.bb,117257
laprensalatina.com,557757
pasadenastarnews.com,267650
bernews.com,82350
thisdaylive.com,23366
cnn.com,90
theyeshivaworld.com,7978
dailybreeze.com,135000
watoday.com.au,43757
chipchick.com,136884
rep-am.com,163771
nypost.com,290
sandiegouniontribune.com,16540
alternet.org,37334
greeleytribune.com,162413
monstersandcritics.com,62926
theborneopost.com,86276
montreal.ctvnews.ca,10000000
upi.com,29025
uproxx.com,13060
thereporter.com,909790
arabnews.com,23902
kenh14.vn,1317
wvmetronews.com,64223
deseret.com,10239
edmontonjournal.com,58927
marinij.com,127444
thehindu.com,2341
dvidshub.net,44104
forbes.com,451
montereyherald.com,282743
wgmd.com,2646912
northernstar.info,742375
sgvtribune.com,293329
paradisepost.com,1327059
mercurynews.com,9017
bostonherald.com,42456
dailybulletin.com,230412
kaieteurnewsonline.com,105486
marketscreener.com,12061
wyndham.starweekly.com.au,10000000
etfdailynews.com,2366930
americanbankingnews.com,756811
dailytimes.com.pk,93420
koreaherald.com,45869
thesudburystar.com,163097
independent.co.uk,747
emirates247.com,319012
bulawayo24.com,120650
krdo.com,59640
palestinechronicle.com,494260
telegraf.rs,5465
indianweekender.co.nz,1429376
tech.slashdot.org,438661
readwrite.com,189915
chicagotribune.com,7886
api.follow.it,10000000
perezhilton.com,44081
hollywoodlife.com,7925
yardbarker.com,5704
latimes.com,1575
tooeleonline.com,822788
times-standard.com,548630
kyma.com,282746
tribune242.com,133941
presstelegram.com,235558
fortmorgantimes.com,751546
washingtoncitypaper.com,77491
dailycamera.com,90353
nme.com,5157
profootballtalk.nbcsports.com,10000000
mymotherlode.com,69789
politics.ie,431023
lovefm.com,800007
pressenterprise.com,85101
redlandsdailyfacts.com,539088
dw.com,1601
channel24.pk,10000000
busiweek.com,1681447
lincolnshireworld.com,398538
standard.co.uk,3388
wral.com,10164
vtdigger.org,108198
newsletter.co.uk,70901
meltontimes.co.uk,677700
northumberlandgazette.co.uk,139288
lutontoday.co.uk,123839
halifaxcourier.co.uk,95934
portsmouth.co.uk,38122
dewsburyreporter.co.uk,297605
nationalturk.com,1455334
harrogateadvertiser.co.uk,232685
pocket-lint.com,12475
thepoke.co.uk,38381
northamptonchron.co.uk,77423
twincities.com,42607
vice.com,2223
biznis.telegraf.rs,10000000
thewhig.com,212003
stgeorgeutah.com,52645
macaudailytimes.com.mo,725777
pagesix.com,2065
cagesideseats.com,12416
trustedreviews.com,19532
awfulannouncing.com,39098
nesn.com,14299
centraloregondaily.com,214159
canyon-news.com,1652621
crikey.com.au,96671
wtmj.com,361667
mauinow.com,127685
cornwallseawaynews.com,614824
torontosun.com,13970
azcapitoltimes.com,1062268
eastcountymagazine.org,1335973
dissidentvoice.org,975054
cp24.com,5898
vancouversun.com,28690
dailyiowan.com,278706
kion546.com,139450
kusi.com,134105
denverpost.com,15038
english.chosun.com,10000000
zimeye.net,96329
sports.yahoo.com,745
kuam.com,372991
starherald.net,4168531
abc-7.com,213985
augustafreepress.com,475586
sfist.com,84845
cubasi.cu,164142
myedmondsnews.com,537284
enctoday.com,10240752
harboroughmail.co.uk,1284884
heyuguys.com,819125
burnleyexpress.net,108507
news.slashdot.org,388775
nyasatimes.com,252865
channelnews.com.au,439910
japantoday.com,43072
wrestlingnewssource.com,141751
news.antiwar.com,353775
wwaytv3.com,222256
siliconvalley.com,475520
waterkant.net,49666
news.yahoo.com,193
dailycaller.com,11669
helpnetsecurity.com,174473
decider.com,9024
lowellsun.com,191311
hrw.org,27771
wnyc.org,125312
kesq.com,114313
b-townblog.com,975068
sbsun.com,152998
keyt.com,139258
thelantern.com,543265
steelersdepot.com,16769
thehollywoodgossip.com,62159
cornellsun.com,201181
tvgrapevine.com,4713360
nigerianobservernews.com,813777
dailyeasternnews.com,1501122
cyprus-mail.com,55493
castanet.net,12219
nzherald.co.nz,2076
nationofblue.com,884856
bigislandvideonews.com,307058
s30121.pcdn.co,10000000
forextv.com,4206107
science20.com,531537
flaglerlive.com,258900
quchronicle.com,1289215
themoderatevoice.com,2122935
dailyorange.com,383945
reporterherald.com,216361
winnipeg.ctvnews.ca,10000000
westseattleblog.com,150807
koimoi.com,3571
bcheights.com,610859
sputnikglobe.com,10000000
localnews8.com,199526
digitaltrends.com,4085
vnexpress.net,294
avclub.com,5270
dnaindia.com,6848
collegian.com,977739
sbnation.com,12951
bahamaspress.com,468557
famagusta-gazette.com,7271032
pattayamail.com,126940
abc6.com,168285
chipleybugle.com,10148322
nzcatholic.org.nz,1996192
revyuh.com,2296044
ljubimci.telegraf.rs,10000000
calgary.ctvnews.ca,10000000
41nbc.com,285581
wallstreetwindow.com,1790663
webpronews.com,1467158
web4.insidethegames.biz,10000000
greenprophet.com,1098292
boingboing.net,14083
edmonton.ctvnews.ca,10000000
pressherald.com,41967
nextbigfuture.com,141011
go.theregister.com,10000000
abcnews.go.com,1528
escambray.cu,207006
abc7ny.com,15547
pakistantoday.com.pk,111500
theoptionsinsider.com,6322463
ottawacitizen.com,62102
nationnews.com,127432
haaretz.com,19812
thestreet.com,3612
newhavenindependent.org,195658
samoanews.com,885385
lincolntribune.com,10000000
cpbj.com,3343333
zmescience.com,80349
bartlesvilleradio.com,220939
stylecaster.com,3995
medcitynews.com,383085
zdnet.com,8174
yorkshirepost.co.uk,32887
socialistalternative.org,939057
sporx.com,3503
jewishpress.com,199436
finance.yahoo.com,200
en.armradio.am,10000000
upressonline.com,1117984
politico.eu,15560
news24.com,2077
slashgear.com,28145
universe.byu.edu,10000000
hiiraan.com,79528
covnews.com,432455
midhudsonnews.com,150374
extratv.com,41430
politico.com,1367
observer.com,65870
theprovince.com,133424
eurweb.com,189624
orissadiary.com,428228
financialmirror.com,328626
yorkshireeveningpost.co.uk,20301
guyanachronicle.com,219076
sekunde.lt,351475
bleacherreport.com,1882
rushprnews.com,13415895
wfirnews.com,4567577
spectator.sme.sk,10000000
chicagoreader.com,61643
sunlive.co.nz,129732
fox21online.com,258753
ghanabusinessnews.com,730802
mybroadband.co.za,15471
s24508.pcdn.co,10000000
blogcritics.org,799704
peterboroughtoday.co.uk,62079
irishtimes.com,4643
legitgov.org,2525172
cde.news,3897469
gainesvilletimes.com,250411
arktimes.com,120785
metroweekly.com,219376
thesportsbank.net,769432
dailynorseman.com,57182
blackpoolgazette.co.uk,59030
kwayedza.co.zw,632710
vox.com,4640
webwire.com,1488596
actionforex.com,207343
asianjournal.com,1430449
dallasvoice.com,741009
dailynorthwestern.com,288923
newswise.com,219630
thestar.com,6315
ona.telegraf.rs,10000000
akipress.com,1041755
interaksyon.philstar.com,10000000
seattlespectator.com,2206301
lewrockwell.com,33794
dailycollegian.com,1033140
maltatoday.com.mt,42604
baylorlariat.com,646172
newswithviews.com,611394
wort.lu,28957
filmschoolrejects.com,151034
badgerherald.com,649859
chicoer.com,303448
northantstelegraph.co.uk,87347
irishcentral.com,71118
laweekly.com,48312
searchengineland.com,57827
gopusa.com,584366
jamaica-star.com,96571
uscatholic.org,318286
chronicle.co.zw,125973
nwtntoday.com,2119045
guineenews.org,62426
americansongwriter.com,19466
thejournal.ie,13551
kvia.com,64422
thedailyrecord.com,322557
gizmodo.com,3999
antiguaobserver.com,200118
therealnews.com,280769
phys.org,11239
montrealgazette.com,44670
shieldsgazette.com,54041
architecturalrecord.com,284670
libn.com,507060
lep.co.uk,56536
worksopguardian.co.uk,273027
marketbeat.com,15912
hucknalldispatch.co.uk,1347641
neworleanscitybusiness.com,947667
chronicle.com,54456
boston.com,10043
sputniknews.com,17078
tribuneonlineng.com,30781
standardmedia.co.ke,15828
groundviews.org,830518
theorion.com,1105369
spectatornews.com,1716717
santacruzsentinel.com,200888
saultthisweek.com,3045960
euroweeklynews.com,118468
dailyfreepress.com,367424
wwd.com,24432
dailydemocrat.com,948123
nationalreview.com,11205
wralsportsfan.com,148357
depauliaonline.com,2224545
expressandstar.com,18516
insidethegames.biz,118141
srilankaguardian.org,2404685
scotscoop.com,427244
journal-advocate.com,1280130
youtube.com,2
ukiahdailyjournal.com,1609804
pepperdine-graphic.com,1484478
winnipegsun.com,124985
npr.org,588
mindanaoexaminernewspaper.blogspot.com,8370524
wtvq.com,183137
ycombinator.com,3606
toledoblade.com,65069
sundayworld.co.za,51918
onlanka.com,573479
slashdot.org,29510
nbc-2.com,51093
wdef.com,117661
opposingviews.com,219763
calgarysun.com,107521
progressive.org,416762
mcccagora.com,5431293
abc.net.au,810
planetbollywood.com,1619898
news.ge,975848
forsythnews.com,240464
tweaktown.com,73392
nashville.com,621202
christiantoday.com,111638
counterpunch.org,91543
afro.com,583024
thenewcivilrightsmovement.com,376427
jta.org,85720
riverheadnewsreview.timesreview.com,10000000
funnypatentsandinventions.com,10000000
thehoya.com,762956
businessnews.com.ph,485468
music-news.com,268281
timesheraldonline.com,699076
sundial.csun.edu,10000000
queerty.com,24811
biztimes.com,727453
businessnews.com.au,316537
westsidetoday.com,2765317
brobible.com,16312
cincyjungle.com,50513
rafu.com,872020
sportsmedia101.com,8554597
aljazeera.com,2275
investingnews.com.au,862391
bc.ctvnews.ca,10000000
businesstravelnews.com,1041223
timesofmalta.com,21162
bleedinggreennation.com,21879
itworldcanada.com,535410
liverpoolworld.uk,73986
hawaiireporter.com,883034
hmetro.com.my,7030
tempo.com.ph,993320
journal.com.ph,938046
hiphopwired.com,184978
cachevalleydaily.com,93424
rba.gov.au,85288
itnews.com.au,263532
newsone.com,132335
t2conline.com,757038
luxtimes.lu,281953
breakingtravelnews.com,433628
iol.co.za,5623
sussexexpress.co.uk,28646
ticotimes.net,139927
visir.is,8138
bcinterruption.com,887423
si.com,841
madagascar-tribune.com,353589
miltonkeynes.co.uk,122140
ghanamma.com,548243
bucksherald.co.uk,377990
hartlepoolmail.co.uk,216074
wpln.org,316106
jpost.com,6514
fwweekly.com,564647
usa.streetsblog.org,10000000
s24526.pcdn.co,10000000
workers.org,413071
prescottenews.com,1538632
betanews.com,121124
chinamediaproject.org,1548631
dailyutahchronicle.com,1047478
aceshowbiz.com,140054
wavepublication.com,8045490
thescarboroughnews.co.uk,115439
wigantoday.net,97911
dandenong.starcommunity.com.au,10000000
guanabee.com,2090621
dailynewsegypt.com,349416
broadstreethockey.com,227091
radioink.com,1040692
uk.finance.yahoo.com,10000000
lankabusinessonline.com,2097773
desotoexplorer.com,10000000
globalvoices.org,163613
elist10.com,1153982
times.co.sz,980443
royalpurplenews.com,3844060
starcasm.net,83970
rediff.com,1207
enewspf.com,2833863
dagblog.com,11233229
headlineplanet.com,487379
derbyshiretimes.co.uk,73874
chad.co.uk,110097
thedailycougar.com,932746
globalgrind.com,135374
chattanoogan.com,64932
wakefieldexpress.co.uk,133247
thestarphoenix.com,126657
jweekly.com,324796
wclo.com,945943
leaderpost.com,267655
recorder.ca,497210
ottawasun.com,131144
sentinelcolorado.com,428118
thebottomline.as.ucsb.edu,10000000
cbs58.com,69331
sunderlandecho.com,61880
thedartmouth.com,253954
fox26medford.com,1104882
lajollalight.com,1018124
arabamericannews.com,1274394
windsorstar.com,119863
av.voanews.com,10000000
gilroydispatch.com,953248
suffolktimes.timesreview.com,10000000
nbcnews.com,919
kvsc.org,3241147
itweb.co.za,240817
news.sky.com,1250
kentsterling.com,4709262
sluggerotoole.com,233496
shockya.com,1232845
etleap.com,3008184
thevoiceslu.com,864565
njtoday.news,5261099
wnycstudios.org,158052
jewishjournal.com,199692
motherjones.com,36500
sibconline.com.sb,1620500
evolutionnews.org,213284
wgil.com,433472
en.igihe.com,10000000
musicbusinessworldwide.com,122374
journalrecord.com,811741
pakobserver.net,245706
pakistankakhudahafiz.com,10000000
canadafreepress.com,246943
stnonline.com,2346355
thetrucker.com,485706
dutchnews.nl,50776
games.slashdot.org,1079434
glasgowworld.com,90959
asianews.it,202035
indybay.org,944916
rferl.org,34872
northescambia.com,97986
blackvoicenews.com,2367748
nyc.streetsblog.org,10000000
highrivertimes.com,4599449
sanmarcosrecord.com,1109726
pressreleasenetwork.com,9212564
bancroftthisweek.com,3532789
apple.slashdot.org,10000000
fairviewpost.com,9293839
itv.com,1127
holdthefrontpage.co.uk,736543
foreignpolicy.com,27577
jalopnik.com,6902
pastemagazine.com,22986
kotaku.com,4563
instinctmagazine.com,156089
asiasentinel.com,690221
sportsgrid.com,863161
americanindependent.com,1040862
scoop.co.nz,192460
executivegov.com,467525
saskatoon.ctvnews.ca,10000000
channel3000.com,21537
catholicnews.com,1529786
herald.co.zw,76936
chartattack.com,646661
